Top Trending Employers,Top Trending Jobs,Top Trending Skills
"University of California, Davis",Real Estate Agent,JavaScript
Sutter Health,Project Manager,Account Management
UC Davis Health,Nurse,Sales Management
Amazon,Software Engineer,Investment Properties
Kaiser Permanente,Account Manager,Working with First-Time Home Buyers
Blue Shield of California,Salesperson,Operations Management
,Attorney,Team Building
,Account Executive,Legal Writing
,Operations Manager,Construction Management
,Customer Service Representative,Civil Litigation
,Accountant,Account Reconciliation
,Service Analyst,Sales Operations
,Sales Manager,General Ledger
,,Customer Satisfaction
,,Nursing
,,Basic Life Support (BLS)
,,Data Analysis
